"items","ramo","nombre","total","porcentaje","programa"
1,"50","Instituto Mexicano del Seguro Social",-8660.45134,-0.2036,"Operaciones ajenas"
1,"34","Erogaciones para los Programas de Apoyo a Ahorradores y Deudores de la Banca",0.0001,0.0000,"INDUSTRIA Reestructuraciўn en UDIs"
1,"34","Erogaciones para los Programas de Apoyo a Ahorradores y Deudores de la Banca",0.0001,0.0000,"INDUSTRIA Descuento en pago"
1,"34","Erogaciones para los Programas de Apoyo a Ahorradores y Deudores de la Banca",0.0001,0.0000,"HIPOTECARIO-VIVIENDA Reestructuraciўn en UDIs"
1,"34","Erogaciones para los Programas de Apoyo a Ahorradores y Deudores de la Banca",0.0001,0.0000,"HIPOTECARIO-VIVIENDA"
1,"34","Erogaciones para los Programas de Apoyo a Ahorradores y Deudores de la Banca",0.0001,0.0000,"AGROINDUSTRIA Reestructuraciўn en UDIs"
3,"24","Deuda PЈblica",0.000456,0.0000,"Banca comercial"
1,"34","Erogaciones para los Programas de Apoyo a Ahorradores y Deudores de la Banca",0.0001,0.0000,"AGROINDUSTRIA Descuento en pago"
1,"1","Poder Legislativo",0.45,0.0000,"Otros Proyectos"
1,"34","Erogaciones para los Programas de Apoyo a Ahorradores y Deudores de la Banca",0.0001,0.0000,"INDUSTRIA Descuento en pago Banca de Desarrollo"
1,"19","Aportaciones a Seguridad Social",0.45,0.0000,"Apoyo Econўmico a Viudas de Veteranos de la Revoluciўn Mexicana"
1,"34","Erogaciones para los Programas de Apoyo a Ahorradores y Deudores de la Banca",0.0001,0.0000,"AGROINDUSTRIA Descuento en pago Banca de Desarrollo"
17,"31","Tribunales Agrarios",1.654307,0.0000,"Actividades de apoyo a la funciўn pЈblica y buen gobierno"
6,"7","Defensa Nacional",1.681368,0.0000,"Programa de Emergencias Radiolўgicas Externo (P.E.R.E.)"
1,"17","ProcuradurЎa General de la RepЈblica",1.6124,0.0000,"Mantenimiento de infraestructura"
32,"16","Medio Ambiente y Recursos Naturales",3.390249,0.0001,"Programa de Devoluciўn de Derechos"
1,"10","EconomЎa",3.056,0.0001,"Estudios de preinversiўn"
18,"35","Comisiўn Nacional de los Derechos Humanos",3.232976,0.0001,"Elaborar pronunciamientos tendentes a garantizar el respeto de los derechos humanos tanto en el sistema penitenciario nacional, como en los casos de pena de muerte de connacionales en el extranjero"
1,"8","Agricultura, GanaderЎa, Desarrollo Rural, Pesca y Alimentaciўn",4.265796,0.0001,"Estudios de preinversiўn"
17,"35","Comisiўn Nacional de los Derechos Humanos",3.64861,0.0001,"Sistema Nacional de Alerta de violaciўn a los Derechos Humanos"
14,"37","ConsejerЎa JurЎdica del Ejecutivo Federal",5.595389,0.0001,"Actividades de apoyo a la funciўn pЈblica y buen gobierno"
3,"21","Turismo",5.831136,0.0001,"Mantenimiento de infraestructura"
4,"16","Medio Ambiente y Recursos Naturales",6.207273,0.0001,"Programas de Calidad del Aire y Verificaciўn Vehicular"
1,"8","Agricultura, GanaderЎa, Desarrollo Rural, Pesca y Alimentaciўn",6.9608,0.0002,"Fomento de la GanaderЎa y Normalizaciўn de la Calidad de los Productos Pecuarios"
16,"35","Comisiўn Nacional de los Derechos Humanos",7.00661,0.0002,"Protecciўn de los Derechos Humanos de IndЎgenas en Reclusiўn"
18,"35","Comisiўn Nacional de los Derechos Humanos",6.708983,0.0002,"Atender asuntos relacionados con Sexualidad, Salud y VIH я"
18,"35","Comisiўn Nacional de los Derechos Humanos",8.424033,0.0002,"Realizar visitas de supervisiўn para cumplir con la elaboraciўn del diagnўstico anual del Sistema Penitenciario."
1,"20","Desarrollo Social",7.5,0.0002,"Proyectos de inmuebles (oficinas administrativas)"
18,"35","Comisiўn Nacional de los Derechos Humanos",8.638924,0.0002,"Atender asuntos de la ni¤ez,я la familia, adolescentes y personas adultas mayores"
19,"35","Comisiўn Nacional de los Derechos Humanos",9.806955,0.0002,"Atender asuntos relativos a la aplicaciўn del Mecanismo Nacional de Promociўn, Protecciўn y Supervisiўn de la Convenciўn sobre los derechos de las Personas con Discapacidad."
22,"45","Comisiўn Reguladora de EnergЎa",10.576865,0.0003,"Actividades de apoyo a la funciўn pЈblica ybuen gobierno"
1,"9","Comunicaciones y Transportes",11.010756,0.0003,"Programa de subsidios al transporte ferroviario de pasajeros"
22,"41","Comisiўn Federal de Competencia Econўmica",12.446659,0.0003,"Actividades de Apoyo a la Funciўn PЈblica y Buen Gobierno"
4,"16","Medio Ambiente y Recursos Naturales",11.613426,0.0003,"Estudios de preinversiўn"
17,"35","Comisiўn Nacional de los Derechos Humanos",12.207705,0.0003,"Promover los Derechos Humanos de los pueblos y las comunidades indЎgenas"
16,"46","Comisiўn Nacional de Hidrocarburos",12.477085,0.0003,"Actividades de apoyo a la funciўn pЈblica y buen gobierno"
1,"6","Hacienda y Cr‚dito PЈblico",12.726181,0.0003,"Mantenimiento de infraestructura"
9,"15","Desarrollo Agrario, Territorial y Urbano",12.534996,0.0003,"Atenciўn de asuntos jurЎdicos en materia agraria, territorial, urbana y vivienda"
12,"2","Oficina de la Presidencia de la RepЈblica",13.929169,0.0003,"Actividades de apoyo a la funciўn pЈblica y buen gobierno"
3,"11","Educaciўn PЈblica",14.549833,0.0004,"PolЎticas de igualdad de g‚nero en el sector educativo"
1,"12","Salud",14.728658,0.0004,"Estudios de Preinversiўn"
8,"44","Instituto Nacional de Transparencia, Acceso a la Informaciўn y Protecciўn de Datos Personales",16.939036,0.0004,"Actividades de apoyo a la funciўn pЈblica y buen gobierno"
19,"35","Comisiўn Nacional de los Derechos Humanos",18.309782,0.0004,"Planear las actividades y analizar los resultados institucionales"
1,"7","Defensa Nacional",18,0.0004,"Fideicomiso de apoyo a deudos de militares fallecidos o a militares que hayan adquirido una incapacidad en 1/a. categorЎa enяactos del servicio considerados de alto riesgo"
12,"2","Oficina de la Presidencia de la RepЈblica",18.984412,0.0004,"Coordinaciўn y apoyo de las acciones a cargo del Consejo de Seguridad Nacional"
17,"21","Turismo",19.121516,0.0004,"Impulso a la competitividad del sector turismo"
10,"5","Relaciones Exteriores",19.075082,0.0004,"Actividades de apoyo a la funciўn pЈblica y buen gobierno"
11,"5","Relaciones Exteriores",18.764189,0.0004,"Fortalecimiento de las capacidades del Servicio Exterior Mexicano y de la CancillerЎa."
14,"37","ConsejerЎa JurЎdica del Ejecutivo Federal",20.433428,0.0005,"Actividades de apoyo administrativo"
13,"11","Educaciўn PЈblica",20.352362,0.0005,"Protecciўn de los derechos tutelados por la Ley Federal del Derecho de Autor"
20,"9","Comunicaciones y Transportes",20.176453,0.0005,"Operaciўn de infraestructura marЎtimo-portuaria"
22,"45","Comisiўn Reguladora de EnergЎa",19.900111,0.0005,"Actividades de apoyo administrativo"
19,"14","Trabajo y Previsiўn Social",21.227851,0.0005,"Registro de agrupaciones sindicales"
20,"35","Comisiўn Nacional de los Derechos Humanos",20.659261,0.0005,"Promover el respeto de los Derechos Humanos de vЎctimas y posibles vЎctimas de la trata de personas; asЎ como periodistas y personas defensores de Derechos Humanos"
18,"35","Comisiўn Nacional de los Derechos Humanos",22.101299,0.0005,"Operar el Mecanismo Nacional de Prevenciўn de la Tortura"
17,"35","Comisiўn Nacional de los Derechos Humanos",21.706832,0.0005,"Establecer y dirigir la estrategia institucional para proteger y promover los Derechos Humanos y presentar sus resultados"
17,"35","Comisiўn Nacional de los Derechos Humanos",22.563232,0.0005,"Atender asuntos relacionados con los Derechos Humanos Econўmicos, Sociales, Culturales y Ambientales."
2,"16","Medio Ambiente y Recursos Naturales",23.4,0.0005,"Inversiўn en Infraestructura Social y Protecciўn Ambiental"
17,"4","Gobernaciўn",22.529254,0.0005,"Atenciўn a refugiados en el paЎs"
23,"47","Entidades no Sectorizadas",23.798162,0.0006,"Actividades de apoyo a la funciўn pЈblica y buen gobierno"
19,"35","Comisiўn Nacional de los Derechos Humanos",25.416911,0.0006,"Atender asuntos relacionados con vЎctimas del delito"
2,"27","Funciўn PЈblica",25.271319,0.0006,"Otros proyectos de infraestructura gubernamental"
17,"14","Trabajo y Previsiўn Social",25.137087,0.0006,"Conciliaciўnяentre empleadores y sindicatos"
16,"4","Gobernaciўn",24.508205,0.0006,"Conducciўn de la polЎtica del Gobierno Federal en materia religiosa"
17,"35","Comisiўn Nacional de los Derechos Humanos",26.157412,0.0006,"Atender asuntos relacionados con personas reportadas como desaparecidas, extraviadas, ausentes, fallecidas no identificadas y vЎctimas de secuestro"
48,"46","Comisiўn Nacional de Hidrocarburos",25.69309,0.0006,"Estudios de Evaluaciўn y Verificaciўn de Hidrocarburos"
20,"14","Trabajo y Previsiўn Social",26.054743,0.0006,"Evaluaciўn del Salario MЎnimo"
18,"35","Comisiўn Nacional de los Derechos Humanos",27.218933,0.0006,"Promover, divulgar, dar seguimiento, evaluar y monitorear la polЎtica nacional en materia de Igualdad entre mujeres y hombres, y atender Asuntos de la mujer"
4,"16","Medio Ambiente y Recursos Naturales",28.768096,0.0007,"Programa hacia la igualdad y la sustentabilidad ambiental"
32,"14","Trabajo y Previsiўn Social",28.854404,0.0007,"Actividades de apoyo a la funciўn pЈblica y buen gobierno"
1,"23","Provisiones Salariales y Econўmicas",29.9,0.0007,"Fiscalizaciўn"
12,"11","Educaciўn PЈblica",30.026029,0.0007,"Registro Nacional de Profesionistas y sus Asociaciones"
10,"42","Instituto Nacional para la Evaluaciўn de la Educaciўn",31.368479,0.0007,"Actividades de apoyo a la funciўn pЈblica y buen gobierno"
11,"42","Instituto Nacional para la Evaluaciўn de la Educaciўn",32.134457,0.0008,"Coordinaciўn de la PolЎtica Nacional de Evaluaciўn Educativa"
31,"16","Medio Ambiente y Recursos Naturales",33.344416,0.0008,"Programa de desarrollo organizacional de los Consejos de Cuenca"
2,"9","Comunicaciones y Transportes",35.238754,0.0008,"Proyectos de infraestructuraяde ciencia y tecnologЎa"
18,"25","Previsiones y Aportaciones para los Sistemas de Educaciўn B sica, Normal, Tecnolўgica y de Adultos",36.617605,0.0009,"Actividades de apoyo a la funciўn pЈblica y buen gobierno"
21,"43","Instituto Federal de Telecomunicaciones",39.124763,0.0009,"Actividades de apoyo a la funciўn pЈblica y buen gobierno"
1,"6","Hacienda y Cr‚dito PЈblico",38.51,0.0009,"Fortalecimiento del Sector de Ahorro y Cr‚dito Popular y Cooperativo"
20,"35","Comisiўn Nacional de los Derechos Humanos",40.154973,0.0009,"Apoyo a la funciўn pЈblica y buen gobierno"
3,"12","Salud",41.759342,0.0010,"Programa de Atenciўn a Personas con Discapacidad"
1,"32","Tribunal Federal de Justicia Fiscal y Administrativa",42.541387,0.0010,"Proyectos de inmuebles (oficinas administrativas)"
2,"16","Medio Ambiente y Recursos Naturales",44.397912,0.0010,"Programa de Manejo de µreas Naturales Protegidas"
34,"15","Desarrollo Agrario, Territorial y Urbano",45.060939,0.0011,"Actividades de apoyo a la funciўn pЈblica y buen gobierno"
82,"46","Comisiўn Nacional de Hidrocarburos",45.144184,0.0011,"Actividades de apoyo administrativo"
16,"42","Instituto Nacional para la Evaluaciўn de la Educaciўn",46.298478,0.0011,"Planeaciўn, Coordinaciўn Institucional y Comunicaciўn Social"
1,"44","Instituto Nacional de Transparencia, Acceso a la Informaciўn y Protecciўn de Datos Personales",48,0.0011,"Proyectos de inmuebles (oficinas administrativas)"
64,"21","Turismo",48.167907,0.0011,"Regulaciўn y certificaciўnяde est ndares de calidad turЎstica я я я"
1,"8","Agricultura, GanaderЎa, Desarrollo Rural, Pesca y Alimentaciўn",48.47364,0.0011,"Sistema Nacional de Investigaciўn AgrЎcola"
1,"9","Comunicaciones y Transportes",50,0.0012,"Mantenimiento de infraestructura"
39,"35","Comisiўn Nacional de los Derechos Humanos",50.140799,0.0012,"Realizar servicios de apoyoя a la funciўn sustantiva"
10,"2","Oficina de la Presidencia de la RepЈblica",49.707939,0.0012,"Atenciўn y seguimiento a las solicitudes y demandas de la ciudadanЎa."
4,"9","Comunicaciones y Transportes",51.855592,0.0012,"Estudios t‚cnicos para la construcciўn, conservaciўn y operaciўn de infraestructura de comunicaciones y transportes"
23,"41","Comisiўn Federal de Competencia Econўmica",52.18291,0.0012,"Actividades de Apoyo Administrativo"
11,"27","Funciўn PЈblica",51.777476,0.0012,"Actividades de apoyo a la funciўn pЈblica y buen gobierno"
42,"18","EnergЎa",54.305389,0.0013,"Actividades de apoyo a la funciўn pЈblica y buen gobierno"
17,"20","Desarrollo Social",56.39769,0.0013,"Desarrollo integral de las personas con discapacidad"
41,"21","Turismo",56.296167,0.0013,"Actividades de apoyo a la funciўn pЈblica y buen gobierno"
1,"24","Deuda PЈblica",56.079734,0.0013,"Pensiўn ISSSTE"
1,"23","Provisiones Salariales y Econўmicas",55.86516,0.0013,"Provisiўn para la Armonizaciўn Contable"
20,"35","Comisiўn Nacional de los Derechos Humanos",57.429975,0.0013,"Mantener relaciones de colaboraciўn internacional con organismos afines nacionales e internacionales, realizar estudios y administrar el archivo institucional"
62,"16","Medio Ambiente y Recursos Naturales",57.121696,0.0013,"Capacitaciўn Ambiental y Desarrollo Sustentable"
21,"22","Instituto Nacional Electoral",57.754585,0.0014,"Planeaciўn, innovaciўn, seguimiento y evaluaciўn"
1,"50","Instituto Mexicano del Seguro Social",57.628117,0.0014,"Estudios de preinversiўn"
5,"9","Comunicaciones y Transportes",60.13122,0.0014,"Formaciўnяdel personal de la marina mercante"
18,"4","Gobernaciўn",61.388944,0.0014,"Producciўn de programas informativos de radio y televisiўn del Ejecutivo Federal"
10,"7","Defensa Nacional",62.910672,0.0015,"Derechos humanos"
129,"46","Comisiўn Nacional de Hidrocarburos",64.185846,0.0015,"Administraciўn T‚cnica de Asignaciones y Contratos"
174,"38","Consejo Nacional de Ciencia y TecnologЎa",63.539017,0.0015,"Actividades de apoyo a la funciўn pЈblica y buen gobierno"
33,"9","Comunicaciones y Transportes",64.704448,0.0015,"Operaciўn y Conservaciўn de infraestructura ferroviaria"
23,"35","Comisiўn Nacional de los Derechos Humanos",65.513933,0.0016,"Ejecutar el programa de comunicaciўn social"
18,"4","Gobernaciўn",67.022707,0.0016,"Planeaciўn demogr fica del paЎs"
11,"2","Oficina de la Presidencia de la RepЈblica",67.875924,0.0016,"Actividades de apoyo administrativo"
19,"10","EconomЎa",68.593834,0.0016,"Fortalecimiento de la competitividad y transparencia del marco regulatorio que aplica a los particulares"
23,"15","Desarrollo Agrario, Territorial y Urbano",69.890585,0.0016,"Conducciўn e instrumentaciўn de la polЎtica nacional de vivienda"
1,"20","Desarrollo Social",70.132229,0.0016,"Subsidios a programas para jўvenes"
1,"8","Agricultura, GanaderЎa, Desarrollo Rural, Pesca y Alimentaciўn",69.933302,0.0016,"Vinculaciўn Productiva"
17,"4","Gobernaciўn",71.29502,0.0017,"Preservaciўn y difusiўn del acervo documental de la Naciўn"
12,"12","Salud",70.885273,0.0017,"Regulaciўn y vigilancia de establecimientos y servicios de atenciўn m‚dica"
16,"4","Gobernaciўn",70.516285,0.0017,"Regulaciўn de los servicios de seguridad privada para coadyuvar a la prevenciўn del delito"
22,"35","Comisiўn Nacional de los Derechos Humanos",73.206343,0.0017,"Coordinar las publicaciones, realizar investigaciones, promover la formaciўn acad‚mica y ofrecer servicios bibliohemerogr ficos en materia de Derechos Humanos"
14,"21","Turismo",74.307485,0.0017,"Estudios de preinversiўn"
58,"10","EconomЎa",74.75873,0.0018,"Actividades de apoyo a la funciўn pЈblica y buen gobierno"
1,"6","Hacienda y Cr‚dito PЈblico",75,0.0018,"Capacitaciўn para Productores e Intermediarios Financieros Rurales"
14,"4","Gobernaciўn",75.578365,0.0018,"Implementaciўn de la Reforma al Sistema de Justicia Penal"
26,"40","Informaciўn Nacional EstadЎstica y Geogr fica",76.375876,0.0018,"Actividades de apoyo a la funciўn pЈblica y buen Gobierno"
74,"9","Comunicaciones y Transportes",79.145587,0.0019,"Actividades de apoyo a la funciўn pЈblica y buen gobierno"
5,"12","Salud",78.770436,0.0019,"Proyectos de inmuebles (oficinas administrativas)"
314,"31","Tribunales Agrarios",80.014403,0.0019,"Actividades de apoyo administrativo"
14,"17","ProcuradurЎa General de la RepЈblica",80.405134,0.0019,"Investigaciўn acad‚mica en el marco de las ciencias penales"
19,"11","Educaciўn PЈblica",81.976247,0.0019,"Normalizaciўn y certificaciўn en competencias laborales"
281,"16","Medio Ambiente y Recursos Naturales",83.365991,0.0020,"Conducciўn de las polЎticas hЎdricas"
17,"17","ProcuradurЎa General de la RepЈblica",84.222666,0.0020,"Actividades de apoyo a la funciўn pЈblica y buen gobierno"
40,"14","Trabajo y Previsiўn Social",84.522075,0.0020,"Capacitaciўn para Incrementar la Productividad"
28,"32","Tribunal Federal de Justicia Fiscal y Administrativa",85.314605,0.0020,"Actividades de apoyo administrativo"
1,"23","Provisiones Salariales y Econўmicas",85.290284,0.0020,"Comisiones y pago a CECOBAN"
1,"7","Defensa Nacional",87.059229,0.0020,"Salud y producciўn animal"
17,"9","Comunicaciones y Transportes",87.858353,0.0021,"Investigaciўn, estudios y proyectos en materia espacial"
20,"11","Educaciўn PЈblica",87.839378,0.0021,"Educaciўn y cultura indЎgena"
20,"35","Comisiўn Nacional de los Derechos Humanos",88.431154,0.0021,"Impartir capacitaciўn en Derechos Humanos y establecer vЎnculos de colaboraciўn interinstitucional"
14,"43","Instituto Federal de Telecomunicaciones",88.151925,0.0021,"Regulaciўn para el uso eficiente del espectro radioel‚ctrico"
1,"19","Aportaciones a Seguridad Social",89.294625,0.0021,"Pagas de Defunciўn y Ayuda para Gastos de Sepelio"
78,"21","Turismo",89.55562,0.0021,"Desarrollo y promociўn de proyectos turЎsticos sustentables"
41,"27","Funciўn PЈblica",91.494859,0.0021,"Promociўn de la cultura de la legalidad y el aprecio por la rendiciўn de cuentas"
26,"42","Instituto Nacional para la Evaluaciўn de la Educaciўn",90.860656,0.0021,"Informaciўn y Fomento de la Cultura de la Evaluaciўn"
72,"37","ConsejerЎa JurЎdica del Ejecutivo Federal",91.430493,0.0021,"Asesoramiento en materia jurЎdica al Presidente de la Republica y al Gobierno Federal."
1,"24","Deuda PЈblica",91.86,0.0022,"Coberturas"
23,"44","Instituto Nacional de Transparencia, Acceso a la Informaciўn y Protecciўn de Datos Personales",95.548251,0.0023,"Actividades de apoyo administrativo"
69,"20","Desarrollo Social",95.795204,0.0023,"Actividades de apoyo a la funciўn pЈblica y buen gobierno"
88,"18","EnergЎa",98.444986,0.0023,"Gestiўn, promociўn, supervisiўn y evaluaciўn del aprovechamiento sustentable de la energЎa"
1,"50","Instituto Mexicano del Seguro Social",98.146829,0.0023,"Mantenimiento de infraestructura"
1,"1","Poder Legislativo",99.305,0.0023,"Mantenimiento de Infraestructura"
5,"5","Relaciones Exteriores",100.000002,0.0024,"Proyectos de inmuebles (oficinas administrativas)"
1,"23","Provisiones Salariales y Econўmicas",100,0.0024,"Programa para el Rescate del Acapulco Tradicional"
3,"19","Aportaciones a Seguridad Social",100,0.0024,"R‚gimen de Incorporaciўn"
1,"7","Defensa Nacional",100,0.0024,"Investigaciўn y desarrollo militar en coordinaciўn con universidades pЈblicas, instituciones pЈblicas de educaciўn superior y/o dem s centros pЈblicos de investigaciўn superior.я"
12,"44","Instituto Nacional de Transparencia, Acceso a la Informaciўn y Protecciўn de Datos Personales",101.628314,0.0024,"Desempe¤o organizacional y modelo institucional orientado a resultados con enfoque de derechos humanos y perspectiva de g‚nero"
55,"16","Medio Ambiente y Recursos Naturales",104.422748,0.0024,"Normativa Ambiental e Instrumentos para el Desarrollo Sustentable"
41,"12","Salud",104.800257,0.0025,"Calidad en la Atenciўn M‚dica"
8,"40","Informaciўn Nacional EstadЎstica y Geogr fica",105.247248,0.0025,"Censo de Poblaciўn y Vivienda"
50,"27","Funciўn PЈblica",105.70739,0.0025,"Actividades de apoyo administrativo"
73,"4","Gobernaciўn",107.198723,0.0025,"Fortalecimiento de las instituciones democr ticas a fin de lograr las reformas legislativas que transformen el orden jurЎdico nacional"
14,"27","Funciўn PЈblica",106.85062,0.0025,"Integraciўn de las estructuras profesionales del gobierno"
1,"25","Previsiones y Aportaciones para los Sistemas de Educaciўn B sica, Normal, Tecnolўgica y de Adultos",108.177973,0.0025,"Previsiones salariales y econўmicas del Fondo de Aportaciones para la Educaciўn Tecnolўgica y de Adultos"
7,"7","Defensa Nacional",108,0.0025,"Programa de igualdad entre mujeres y hombres SDN"
6,"27","Funciўn PЈblica",114.307446,0.0027,"Optimizaciўnяde los inmuebles federales y valuaciўn de los bienes nacionales"
1,"19","Aportaciones a Seguridad Social",118.847596,0.0028,"Apoyo a jubilados del IMSS e ISSSTE"
18,"12","Salud",120.4,0.0028,"Protecciўn y restituciўn de los derechos de las ni¤as, ni¤os y adolescentes"
41,"6","Hacienda y Cr‚dito PЈblico",121.432789,0.0028,"Administraciўn, restauraciўn y difusiўn del acervo patrimonial y documental de la SHCP"
23,"22","Instituto Nacional Electoral",120.629521,0.0028,"Organizaciўn del servicio profesional electoral"
2,"12","Salud",126.150811,0.0030,"Programa de Desarrollo Comunitario \"Comunidad DIFerente\""
5,"15","Desarrollo Agrario, Territorial y Urbano",125.709424,0.0030,"Programa de Prevenciўn de Riesgos"
21,"18","EnergЎa",127.166209,0.0030,"Regulaciўn y supervisiўn de actividades nucleares y radiolўgicas"
1,"10","EconomЎa",129.036004,0.0030,"Mantenimiento de infraestructura"
56,"10","EconomЎa",130.420574,0.0031,"Dise¤o eяinstrumentaciўn de acciones en materia de competitividad, competencia y polЎtica regulatoria"
19,"9","Comunicaciones y Transportes",129.756932,0.0031,"Investigaciўn, estudios, proyectos y capacitaciўn en materia de transporte"
1,"25","Previsiones y Aportaciones para los Sistemas de Educaciўn B sica, Normal, Tecnolўgica y de Adultos",133.707873,0.0031,"Becas para la poblaciўn atendida por el sector educativo"
77,"16","Medio Ambiente y Recursos Naturales",135.51676,0.0032,"Actividades de apoyo a la funciўn pЈblica y buen gobierno"
9,"47","Entidades no Sectorizadas",137.247445,0.0032,"Recopilaciўn y producciўn de material informativo (Notimex)"
21,"22","Instituto Nacional Electoral",138.336607,0.0032,"Apoyo a la funciўn pЈblica y al mejoramiento de la gestiўn"
67,"4","Gobernaciўn",137.674669,0.0032,"Defensa jurЎdica de la SecretarЎa de Gobernaciўn y compilaciўn jurЎdica nacional y testamentaria ciudadana"
5,"16","Medio Ambiente y Recursos Naturales",140.821405,0.0033,"Fideicomisos Ambientales"
290,"35","Comisiўn Nacional de los Derechos Humanos",141.439614,0.0033,"Proporcionar serviciosяde atenciўn al pЈblico enяgeneral, en oficinas for neas, asЎ como, atender asuntos relacionados con las personas migrantes"
15,"44","Instituto Nacional de Transparencia, Acceso a la Informaciўn y Protecciўn de Datos Personales",142.627362,0.0034,"Coordinar el Sistema Nacional de Transparencia, Acceso a la Informaciўn y de Protecciўn de Datos Personales"
19,"4","Gobernaciўn",143.815588,0.0034,"Promover la Protecciўn de los Derechos Humanos y Prevenir la Discriminaciўn"
1,"15","Desarrollo Agrario, Territorial y Urbano",148.0817,0.0035,"Obligaciones jurЎdicas Ineludibles"
17,"18","EnergЎa",150.141496,0.0035,"Distribuciўn de petrўleo, gas, petrolЎferos y petroquЎmicos"
2,"16","Medio Ambiente y Recursos Naturales",151.080591,0.0035,"Proyectos de inmuebles (oficinas administrativas)"
1,"11","Educaciўn PЈblica",152.036869,0.0036,"Sistema de Informaciўn y Gestiўn Educativa"
260,"45","Comisiўn Reguladora de EnergЎa",152.389397,0.0036,"Regulaciўn y permisos de electricidad"
2,"16","Medio Ambiente y Recursos Naturales",153.242012,0.0036,"Inversiўn del Servicio Meteorolўgico Nacional"
21,"47","Entidades no Sectorizadas",159.815881,0.0038,"Producciўn y Difusiўn de Materiales Audiovisuales"
65,"4","Gobernaciўn",162.876383,0.0038,"Actividades de apoyo a la funciўn pЈblica y buen gobierno"
15,"17","ProcuradurЎa General de la RepЈblica",170.833271,0.0040,"Investigar, perseguir y prevenir delitos del orden electoral"
209,"46","Comisiўn Nacional de Hidrocarburos",172.49978,0.0040,"Promociўn y regulaciўn de Hidrocarburos"
3,"15","Desarrollo Agrario, Territorial y Urbano",178.321833,0.0042,"Consolidaciўn de Reservas Urbanas"
9,"6","Hacienda y Cr‚dito PЈblico",181.095774,0.0043,"Regulaciўn yяsupervisiўn delяSistema de Ahorro para el Retiro"
15,"9","Comunicaciones y Transportes",181.668473,0.0043,"Desarrollo de Infraestructura Aeroportuaria"
68,"22","Instituto Nacional Electoral",182.372776,0.0043,"Vinculaciўn con la sociedad"
2,"8","Agricultura, GanaderЎa, Desarrollo Rural, Pesca y Alimentaciўn",185.22391,0.0043,"Sistema Nacional de Informaciўn para el Desarrollo Rural Sustentable"
7,"15","Desarrollo Agrario, Territorial y Urbano",184.59239,0.0043,"Modernizaciўn del Catastro Rural Nacional"
60,"10","EconomЎa",185.792687,0.0044,"Regulaciўn, modernizaciўn y promociўn de la actividad minera"
281,"45","Comisiўn Reguladora de EnergЎa",187.133616,0.0044,"Regulaciўn y permisos de Hidrocarburos"
58,"21","Turismo",186.559868,0.0044,"Conservaciўn y mantenimiento a los CIP's"
307,"51","Instituto de Seguridad y Servicios Sociales de los Trabajadores del Estado",188.096969,0.0044,"Actividades de apoyo a la funciўn pЈblica y buen gobierno"
2,"16","Medio Ambiente y Recursos Naturales",188.570937,0.0044,"Conservaciўn y Aprovechamiento Sustentable de la Vida Silvestre"
22,"14","Trabajo y Previsiўn Social",190.234596,0.0045,"Procuraciўn de justicia laboral"
51,"6","Hacienda y Cr‚dito PЈblico",192.40629,0.0045,"Regulaciўn del sector financiero"
5,"10","EconomЎa",192.103697,0.0045,"Producciўn de informaciўn geolўgica del territorio nacional"
153,"16","Medio Ambiente y Recursos Naturales",193.425305,0.0045,"Sistema Nacional de µreas Naturales Protegidas"
3,"15","Desarrollo Agrario, Territorial y Urbano",193.153206,0.0045,"Programa para regularizar asentamientos humanos irregulares"
30,"16","Medio Ambiente y Recursos Naturales",197.197472,0.0046,"Investigaciўn en Cambio Clim tico, Sustentabilidad y Crecimiento Verde"
1,"23","Provisiones Salariales y Econўmicas",200,0.0047,"Proyectos para el Desarrollo Regional de la Zona Henequenera del Sureste (Yucat n)"
34,"11","Educaciўn PЈblica",201.870594,0.0047,"Programa de infraestructura fЎsica educativa"
20,"6","Hacienda y Cr‚dito PЈblico",202.938135,0.0048,"Detecciўn y prevenciўn de ilЎcitos financieros"
11,"4","Gobernaciўn",204.37029,0.0048,"Promover la atenciўn y prevenciўn de la violencia contra las mujeres"
108,"18","EnergЎa",205.984263,0.0048,"Coordinaciўn de laяpolЎtica energ‚tica enяelectricidad"
22,"21","Turismo",205.682014,0.0048,"Programa de Calidad y Atenciўn Integral al Turismo"
79,"4","Gobernaciўn",206.661965,0.0049,"Coordinaciўn del Sistema Nacional de Protecciўn Civil"
74,"4","Gobernaciўn",210.412182,0.0049,"Fomento de la cultura de la participaciўn ciudadana en la prevenciўn del delito"
1,"6","Hacienda y Cr‚dito PЈblico",210,0.0049,"Inversiўn de Capital de Riesgo"
86,"6","Hacienda y Cr‚dito PЈblico",209.557958,0.0049,"Regulaciўn y supervisiўn del sector asegurador y afianzador"
14,"44","Instituto Nacional de Transparencia, Acceso a la Informaciўn y Protecciўn de Datos Personales",213.087358,0.0050,"Promover el pleno ejercicio de los derechos de acceso a la informaciўn pЈblica y de protecciўn de datos personales"
22,"16","Medio Ambiente y Recursos Naturales",216.42681,0.0051,"Investigaciўn cientЎfica y tecnolўgica"
8,"12","Salud",224.22613,0.0053,"Programa de estancias infantiles para apoyar a madres trabajadoras"
22,"11","Educaciўn PЈblica",225.45108,0.0053,"Producciўn y distribuciўn de libros y materiales culturales"
323,"8","Agricultura, GanaderЎa, Desarrollo Rural, Pesca y Alimentaciўn",225.320916,0.0053,"Apoyo a la Funciўn PЈblica y Buen Gobierno"
28,"20","Desarrollo Social",226.055325,0.0053,"Programas del Fondo Nacional de Fomento a las ArtesanЎas (FONART)"
7,"11","Educaciўn PЈblica",226.460484,0.0053,"Programa de Formaciўn de Recursos Humanos basada en Competencias"
21,"5","Relaciones Exteriores",226.62972,0.0053,"Coordinaciўn, promociўn y ejecuciўn de la Cooperaciўn internacional para el desarrollo"
22,"6","Hacienda y Cr‚dito PЈblico",227.413823,0.0053,"Producciўn de impresos valorados, no valorados, numerados y de seguridad"
59,"27","Funciўn PЈblica",227.920883,0.0054,"Inhibiciўn y sanciўn de las pr cticas de corrupciўn"
82,"10","EconomЎa",232.047989,0.0055,"Planeaciўn, elaboraciўn y seguimiento de las polЎticas y programas de la dependencia"
67,"40","Informaciўn Nacional EstadЎstica y Geogr fica",236.373043,0.0055,"Planeaciўn, Coordinaciўn, Seguimiento y Evaluaciўn del Sistema Nacional de Informaciўn EstadЎstica y Geogr fica"
25,"35","Comisiўn Nacional de los Derechos Humanos",238.787927,0.0056,"Actividades de apoyo administrativo"
2,"16","Medio Ambiente y Recursos Naturales",240.501782,0.0057,"Programa de Conservaciўn para el Desarrollo Sostenible"
61,"17","ProcuradurЎa General de la RepЈblica",241.488129,0.0057,"Supervisar y vigilar la aplicaciўn del marco legal en la investigaciўn y persecuciўn del delito del orden federal"
13,"10","EconomЎa",242.38481,0.0057,"Desarrollo tecnolўgico y prestaciўn de servicios metrolўgicos para la competitividadя"
20,"31","Tribunales Agrarios",245.423378,0.0058,"Resoluciўn de juicios agrarios dotatorios de tierras y los recursos de revisiўn"
2,"6","Hacienda y Cr‚dito PЈblico",246.2,0.0058,"Reducciўn de Costos de Acceso al Cr‚dito"
2,"10","EconomЎa",246.639577,0.0058,"Programa nacional de financiamiento al microempresario y a la mujer rural"
51,"17","ProcuradurЎa General de la RepЈblica",248.01567,0.0058,"Promociўn del respeto a los derechos humanos y atenciўn a vЎctimas del delito"
18,"42","Instituto Nacional para la Evaluaciўn de la Educaciўn",249.424873,0.0059,"Actividades de apoyo administrativo"
31,"10","EconomЎa",249.724647,0.0059,"Instrumentaciўn de polЎticas de fomento para los emprendedores y las micro, peque¤as y medianas empresas"
3,"20","Desarrollo Social",251.990254,0.0059,"Programa de Coinversiўn Social"
25,"43","Instituto Federal de Telecomunicaciones",253.027715,0.0059,"Actividades de apoyo administrativo"
50,"15","Desarrollo Agrario, Territorial y Urbano",252.536646,0.0059,"Ordenamiento y regulaciўn de la propiedad rural"
217,"21","Turismo",252.720788,0.0059,"Planeaciўn y conducciўn de la polЎtica de turismo"
2,"15","Desarrollo Agrario, Territorial y Urbano",253.546346,0.0060,"Programa de modernizaciўn de los registros pЈblicos de la propiedad y catastros"
91,"21","Turismo",254.9497,0.0060,"Actividades de apoyo administrativo"
124,"18","EnergЎa",254.846208,0.0060,"Coordinaciўn deяla polЎtica energ‚tica enяhidrocarburos"
21,"20","Desarrollo Social",256.070013,0.0060,"Articulaciўn de polЎticas pЈblicas integrales de juventud"
77,"6","Hacienda y Cr‚dito PЈblico",258.865389,0.0061,"Actividades de apoyo a la funciўn pЈblica y buen gobierno"
1,"19","Aportaciones a Seguridad Social",262.63125,0.0062,"Compensaciones de Car cter Militar con Pago Јnico"
79,"27","Funciўn PЈblica",268.111785,0.0063,"Regulaciўn de los procesos, tr mites y servicios de la Administraciўn PЈblica Federal"
110,"15","Desarrollo Agrario, Territorial y Urbano",279.162265,0.0066,"Actividades de apoyo administrativo"
7,"4","Gobernaciўn",279.999997,0.0066,"Proyectos de infraestructura gubernamental de gobernaciўn"
19,"11","Educaciўn PЈblica",282.623419,0.0067,"Evaluaciones de la calidad de la educaciўn"
311,"10","EconomЎa",290.193947,0.0068,"Vigilancia del cumplimiento de la normatividad y fortalecimiento de la certeza jurЎdica entre proveedores y consumidores"
5,"12","Salud",289.682464,0.0068,"Apoyos para la protecciўn de las personas en estado de necesidad"
250,"47","Entidades no Sectorizadas",290.57532,0.0068,"Programa de Derechos IndЎgenas"
2,"7","Defensa Nacional",291.869689,0.0069,"Proyectos de infraestructura gubernamental de seguridad nacional"
115,"14","Trabajo y Previsiўn Social",292.792523,0.0069,"Actividades de apoyo administrativo"
1,"23","Provisiones Salariales y Econўmicas",300,0.0071,"Fondo de Apoyo a Migrantes"
369,"42","Instituto Nacional para la Evaluaciўn de la Educaciўn",301.875226,0.0071,"Normatividad y PolЎtica Educativa"
12,"16","Medio Ambiente y Recursos Naturales",304.558897,0.0072,"Regulaciўn, Gestiўn y Supervisiўn del Sector Hidrocarburos"
32,"9","Comunicaciones y Transportes",305.590619,0.0072,"Estudios y proyectos de construcciўn de caminos rurales y carreteras alimentadoras"
70,"27","Funciўn PЈblica",305.543022,0.0072,"Fiscalizaciўn a la gestiўn pЈblica"
37,"42","Instituto Nacional para la Evaluaciўn de la Educaciўn",308.037831,0.0072,"Evaluaciўn del Sistema Educativo Nacional"
3,"10","EconomЎa",307.852122,0.0072,"Programa para la productividad y competitividad industrial"
22,"15","Desarrollo Agrario, Territorial y Urbano",315.017785,0.0074,"Regularizaciўn y Registro de Actos JurЎdicos Agrarios"
414,"16","Medio Ambiente y Recursos Naturales",314.812791,0.0074,"Inspecciўn y Vigilancia del Medio Ambiente y Recursos Naturales"
4,"20","Desarrollo Social",315.023475,0.0074,"Programa de Apoyo a las Instancias de Mujeres en las Entidades Federativas (PAIMEF)"
144,"18","EnergЎa",316.121871,0.0074,"Actividades de apoyo administrativo"
12,"44","Instituto Nacional de Transparencia, Acceso a la Informaciўn y Protecciўn de Datos Personales",320.030544,0.0075,"Garantizar el ўptimo cumplimiento de los derechos de acceso a la informaciўn pЈblica y la protecciўn de datos personales"
22,"20","Desarrollo Social",321.701088,0.0076,"Servicios a grupos con necesidades especiales"
19,"38","Consejo Nacional de Ciencia y TecnologЎa",323.269408,0.0076,"Proyectos de infraestructura social de ciencia y tecnologЎa"
33,"47","Entidades no Sectorizadas",323.855022,0.0076,"Fortalecimiento a la Transversalidad de la Perspectiva de G‚nero"
30,"20","Desarrollo Social",332.945043,0.0078,"Programa de Atenciўn a Jornaleros AgrЎcolas"
1,"23","Provisiones Salariales y Econўmicas",335,0.0079,"Programa para la fiscalizaciўn del gasto federalizado"
311,"10","EconomЎa",336.169606,0.0079,"Protecciўn de los derechos de los consumidores yяSistema Nacional de Protecciўn al Consumidor"
1,"6","Hacienda y Cr‚dito PЈblico",336,0.0079,"Apoyo a Unidades de Promociўn de Cr‚dito"
310,"10","EconomЎa",339.536679,0.0080,"Promociўn de una cultura de consumo responsable e inteligente"
256,"12","Salud",341.590455,0.0080,"Actividades de apoyo a la funciўn pЈblica y buen gobierno"
58,"10","EconomЎa",341.635249,0.0080,"Aplicaciўn y modernizaciўn del marco regulatorio y operativo en materia mercantil, de normalizaciўn e inversiўn extranjera"
1,"19","Aportaciones a Seguridad Social",350,0.0082,"Fondo de Reserva para el Retiro IMSS"
1,"19","Aportaciones a Seguridad Social",350,0.0082,"Seguridad Social Ca¤eros"
2,"11","Educaciўn PЈblica",350,0.0082,"Programa Nacional de Convivencia Escolar"
110,"6","Hacienda y Cr‚dito PЈblico",353.700738,0.0083,"AsesorЎa jurЎdica y representaciўn judicial y administrativa de la SHCP"
1,"23","Provisiones Salariales y Econўmicas",358.718014,0.0084,"Fondo de Prevenciўn de Desastres Naturales (FOPREDEN)"
5,"13","Marina",362.46,0.0085,"Proyectos de infraestructura gubernamental de seguridad nacional"
255,"50","Instituto Mexicano del Seguro Social",362.447802,0.0085,"Actividades de apoyo a la funciўn pЈblica y buen gobierno"
240,"9","Comunicaciones y Transportes",362.91689,0.0085,"Derecho de VЎa"
16,"4","Gobernaciўn",364.279881,0.0086,"Imparticiўn de justicia laboral para los trabajadores al servicio del Estado"
6,"8","Agricultura, GanaderЎa, Desarrollo Rural, Pesca y Alimentaciўn",366.000162,0.0086,"Otros proyectos de infraestructura gubernamental"
861,"10","EconomЎa",374.967682,0.0088,"Atenciўn de tr mites y promociўn de los programas de la SecretarЎa en las entidades federativas"
14,"4","Gobernaciўn",386.604249,0.0091,"Coordinaciўn con las instancias que integran el Sistema Nacional de Seguridad PЈblica"
262,"11","Educaciўn PЈblica",388.972705,0.0091,"Actividades de apoyo a la funciўn pЈblica y buen gobierno"
63,"4","Gobernaciўn",396.346706,0.0093,"Programa de Derechos Humanos"
1,"15","Desarrollo Agrario, Territorial y Urbano",400,0.0094,"Programa de Atenciўn de Conflictos Agrarios"
1,"11","Educaciўn PЈblica",412.123172,0.0097,"Carrera Docente en UPES"
89,"41","Comisiўn Federal de Competencia Econўmica",413.427895,0.0097,"Prevenciўn y eliminaciўn de pr cticas y concentraciones monopўlicas y dem s restricciones a la competencia y libre concurrencia"
21,"8","Agricultura, GanaderЎa, Desarrollo Rural, Pesca y Alimentaciўn",412.910345,0.0097,"Desarrollo y Vinculaciўn de la Investigaciўn CientЎfica y Tecnolўgica con el Sector"
46,"12","Salud",429.991942,0.0101,"Prevenciўn y atenciўn de VIH/SIDA y otras ITS"
1,"10","EconomЎa",431.224209,0.0101,"Proyectos para la atracciўn de inversiўn extranjera estrat‚gica"
1,"18","EnergЎa",441.573,0.0104,"Fondos de Diversificaciўn Energ‚tica"
28,"16","Medio Ambiente y Recursos Naturales",443,0.0104,"Rehabilitaciўn y Modernizaciўn de Presas y Estructuras de Cabeza"
377,"16","Medio Ambiente y Recursos Naturales",447.207887,0.0105,"Sistemas Meteorolўgicos e Hidrolўgicos"
95,"17","ProcuradurЎa General de la RepЈblica",456.932906,0.0107,"Investigar y perseguir los delitos federales de car cter especial"
22,"47","Entidades no Sectorizadas",466.797451,0.0110,"Fortalecimiento de la Igualdad Sustantiva entre Mujeres y Hombres"
37,"5","Relaciones Exteriores",468.97663,0.0110,"Atenciўn, protecciўn, servicios y asistencia consulares"
179,"4","Gobernaciўn",474.028811,0.0111,"Implementar las polЎticas, programas y acciones tendientes a garantizar la seguridad pЈblica de la Naciўn y sus habitantes"
131,"11","Educaciўn PЈblica",478.115646,0.0112,"Normar los servicios educativos"
38,"40","Informaciўn Nacional EstadЎstica y Geogr fica",479.243719,0.0113,"Actividades de apoyo administrativo"
3,"7","Defensa Nacional",479.464061,0.0113,"Programa de Becas para los hijos del Personal de las Fuerza Armadas en activo"
221,"18","EnergЎa",480.22967,0.0113,"Conducciўn de la polЎtica energ‚tica"
153,"22","Instituto Nacional Electoral",480.772737,0.0113,"TecnologЎas de informaciўn y comunicaciones"
71,"11","Educaciўn PЈblica",482.169121,0.0113,"Servicios Cinematogr ficos"
135,"10","EconomЎa",489.81086,0.0115,"Actividades de apoyo administrativo"
4,"9","Comunicaciones y Transportes",492.04,0.0116,"Estudios de preinversiўn"
94,"4","Gobernaciўn",493.945812,0.0116,"Conducciўn de la polЎtica de comunicaciўn social de la Administraciўn PЈblica Federal y la relaciўn con los medios de comunicaciўn"
223,"14","Trabajo y Previsiўn Social",493.806315,0.0116,"Instrumentaciўn de la polЎtica laboral"
141,"10","EconomЎa",499.45144,0.0117,"Negociaciones internacionales para la integraciўn y competitividad de M‚xico en las cadenas globales de valor"
2,"6","Hacienda y Cr‚dito PЈblico",500,0.0118,"Apoyos a los Sectores Pesquero y Rural"
1,"11","Educaciўn PЈblica",500,0.0118,"Fortalecimiento a la educaciўn temprana y el desarrollo infantil"
1,"23","Provisiones Salariales y Econўmicas",500,0.0118,"Fondo Sur-Sureste"
52,"47","Entidades no Sectorizadas",507.931168,0.0119,"Actividades de apoyo administrativo"
496,"9","Comunicaciones y Transportes",508.8757,0.0120,"Regulaciўn y supervisiўn del programa de protecciўn y medicina preventiva en transporte multimodal"
3,"16","Medio Ambiente y Recursos Naturales",520.716541,0.0122,"Programa de Recuperaciўn y Repoblaciўn de Especies en Riesgo"
78,"5","Relaciones Exteriores",522.302667,0.0123,"Actividades de apoyo administrativo"
2,"6","Hacienda y Cr‚dito PЈblico",525,0.0123,"GarantЎas LЎquidas"
83,"17","ProcuradurЎa General de la RepЈblica",535.701765,0.0126,"Representaciўn jurЎdica de la Federaciўn en el  mbito nacional e internacional"
21,"6","Hacienda y Cr‚dito PЈblico",545.41748,0.0128,"Protecciўn y Defensa de los Usuarios de Servicios Financieros"
161,"35","Comisiўn Nacional de los Derechos Humanos",548.021759,0.0129,"Atender al pЈblico en general en oficinas centrales; asЎ como, solucionar expedientes de presuntas violaciones a los Derechos Humanos."
21,"20","Desarrollo Social",553.403568,0.0130,"Evaluaciўn de los programas sociales"
583,"31","Tribunales Agrarios",553.972975,0.0130,"Resoluciўn de asuntos relativos a conflictos y controversias por la posesiўn y usufructo de la tierra"
120,"6","Hacienda y Cr‚dito PЈblico",575.618037,0.0135,"Dise¤o de la polЎtica de ingresos"
620,"14","Trabajo y Previsiўn Social",578.537194,0.0136,"Ejecuciўnяde los programas y acciones de la PolЎtica Laboral"
83,"21","Turismo",578.559196,0.0136,"Fomento y promociўn de la inversiўn en el sector turЎstico"
33,"4","Gobernaciўn",579.921025,0.0136,"Registro e Identificaciўn de Poblaciўn"
171,"6","Hacienda y Cr‚dito PЈblico",582.505659,0.0137,"Administraciўn de los fondos y valores federales"
53,"12","Salud",589.129248,0.0138,"Prevenciўn y Control de Sobrepeso, Obesidad y Diabetes"
172,"50","Instituto Mexicano del Seguro Social",594.555623,0.0140,"Investigaciўn y desarrollo tecnolўgico en salud"
4,"11","Educaciўn PЈblica",597,0.0140,"Mantenimiento de infraestructura"
123,"10","EconomЎa",598.207289,0.0141,"Promociўn del desarrollo, competitividad eяinnovaciўn de los sectores industrial, comercial y de servicios"
1,"23","Provisiones Salariales y Econўmicas",600,0.0141,"Fondo para la Accesibilidad de las Personas con discapacidad"
7,"11","Educaciўn PЈblica",615.010652,0.0145,"Programa para la Inclusiўn y la Equidad Educativa"
2,"16","Medio Ambiente y Recursos Naturales",647.226968,0.0152,"Programa de Empleo Temporal (PET)"
15,"9","Comunicaciones y Transportes",674.296267,0.0158,"Servicios de telecomunicaciones, satelitales, telegr ficos y de transferencia de fondos"
7,"18","EnergЎa",679.166045,0.0160,"Investigaciўn, desarrollo tecnolўgico y prestaciўn de servicios en materia nuclear y el‚ctrica"
277,"16","Medio Ambiente y Recursos Naturales",679.387628,0.0160,"Planeaciўn, Direcciўn yяEvaluaciўn Ambiental"
22,"11","Educaciўn PЈblica",682.632939,0.0161,"Proyectos de infraestructura social del sector educativo"
32,"20","Desarrollo Social",685.845296,0.0161,"Programa 3 x 1 para Migrantes"
23,"47","Entidades no Sectorizadas",691.570755,0.0163,"Protecciўn y Defensa de los Contribuyentes"
21,"15","Desarrollo Agrario, Territorial y Urbano",708.420464,0.0166,"Procuraciўn de justicia agraria"
866,"9","Comunicaciones y Transportes",709.590923,0.0167,"Definiciўn, conducciўn y supervisiўn de la polЎtica de comunicaciones y transportes"
1,"4","Gobernaciўn",713.145294,0.0168,"Otorgamiento de subsidios para la implementaciўn de la reforma al sistema de justicia penal"
172,"4","Gobernaciўn",713.975787,0.0168,"Conducciўn de la polЎtica interior"
170,"12","Salud",716.344335,0.0168,"Asistencia social y protecciўn del paciente"
30,"7","Defensa Nacional",727.335854,0.0171,"Programa de justicia militar"
797,"22","Instituto Nacional Electoral",728.505608,0.0171,"Organizaciўn electoral federal"
140,"6","Hacienda y Cr‚dito PЈblico",729.677723,0.0172,"Dise¤oяy conducciўn de la polЎtica de gasto pЈblico"
2,"16","Medio Ambiente y Recursos Naturales",730.787969,0.0172,"Prevenciўn y gestiўn integral de residuos"
18,"25","Previsiones y Aportaciones para los Sistemas de Educaciўn B sica, Normal, Tecnolўgica y de Adultos",733.687675,0.0173,"Servicios de educaciўn normal en el D.F."
103,"12","Salud",735.212873,0.0173,"Vigilancia epidemiolўgica"
32,"11","Educaciўn PЈblica",757.805763,0.0178,"Atenciўn al deporte"
1,"23","Provisiones Salariales y Econўmicas",781.2,0.0184,"CNH-CRE"
2,"11","Educaciўn PЈblica",789.0241,0.0185,"Programa Nacional de Ingl‚s"
1,"38","Consejo Nacional de Ciencia y TecnologЎa",792.662688,0.0186,"Fortalecimiento sectorial de las capacidades cientЎficas, tecnolўgicas y de innovaciўn"
299,"51","Instituto de Seguridad y Servicios Sociales de los Trabajadores del Estado",800.315421,0.0188,"Prevenciўn y Control de Enfermedades"
15,"47","Entidades no Sectorizadas",799.537363,0.0188,"Atenciўn a VЎctimas"
16,"12","Salud",801.071189,0.0188,"Proyectos de infraestructura social de salud"
10,"4","Gobernaciўn",802.117235,0.0189,"Proyectos de infraestructura gubernamental de seguridad pЈblica"
22,"6","Hacienda y Cr‚dito PЈblico",821.892893,0.0193,"Administraciўn y enajenaciўn de activos"
250,"12","Salud",824.717955,0.0194,"Servicios de asistencia social integral"
275,"50","Instituto Mexicano del Seguro Social",844.388883,0.0198,"Seguro de Riesgos de Trabajo"
14,"6","Hacienda y Cr‚dito PЈblico",846.071707,0.0199,"Programa de Inclusiўn Financiera"
23,"10","EconomЎa",856.064723,0.0201,"Promociўn del comercio exterior y atracciўn de inversiўn extranjera directa"
43,"12","Salud",857.834345,0.0202,"Fortalecimiento a la atenciўn m‚dica"
38,"2","Oficina de la Presidencia de la RepЈblica",858.880914,0.0202,"Apoyo a las actividades de seguridad y logЎstica para garantizar la integridad del Ejecutivo Federal"
88,"12","Salud",860.280772,0.0202,"Protecciўn Contra Riesgos Sanitarios"
3,"10","EconomЎa",865.365352,0.0203,"Programa para el desarrollo de la industria de software (PROSOFT) y la innovaciўn"
23,"21","Turismo",867.278997,0.0204,"Promociўn de M‚xico como Destino TurЎstico"
80,"17","ProcuradurЎa General de la RepЈblica",888.153945,0.0209,"Actividades de apoyo administrativo"
167,"13","Marina",889.624822,0.0209,"Actividades de apoyo administrativo"
608,"15","Desarrollo Agrario, Territorial y Urbano",897.924832,0.0211,"PolЎtica de Desarrollo Urbano y Ordenamiento del Territorio"
233,"14","Trabajo y Previsiўn Social",907.112893,0.0213,"Imparticiўn de justicia laboral"
147,"2","Oficina de la Presidencia de la RepЈblica",913.274506,0.0215,"AsesorЎa, coordinaciўn, difusiўn y apoyo t‚cnico de las actividades del Presidente de la RepЈblica"
1,"19","Aportaciones a Seguridad Social",929.922392,0.0219,"Seguro de Salud para la Familia"
164,"12","Salud",940.64885,0.0221,"Prevenciўn y control de enfermedades"
209,"38","Consejo Nacional de Ciencia y TecnologЎa",947.742438,0.0223,"Actividades de apoyo administrativo"
4,"11","Educaciўn PЈblica",961.919416,0.0226,"Apoyos a centros y organizaciones de educaciўn"
374,"47","Entidades no Sectorizadas",991.409892,0.0233,"Planeaciўn y Articulaciўn de la Acciўn PЈblica hacia los Pueblos IndЎgenas"
391,"16","Medio Ambiente y Recursos Naturales",993.140009,0.0233,"Regulaciўn Ambiental"
4,"21","Turismo",1000.7,0.0235,"Proyectos de infraestructura de turismo"
21,"11","Educaciўn PЈblica",1005.904162,0.0236,"Servicios educativos culturales"
4,"9","Comunicaciones y Transportes",1013.800232,0.0238,"Sistema Satelital"
124,"13","Marina",1021.889988,0.0240,"Sistema Educativo naval y programa de becas"
270,"16","Medio Ambiente y Recursos Naturales",1032.245349,0.0243,"Atenciўn de emergencias y desastres naturales"
16,"7","Defensa Nacional",1054.551194,0.0248,"Investigaciўn, desarrollo y producciўn de vestuario y equipo militar y mantenimiento de infraestructura"
17,"9","Comunicaciones y Transportes",1065.78953,0.0251,"Servicios de correo"
3,"20","Desarrollo Social",1082.208696,0.0254,"Seguro de vida para jefas de familia"
48,"4","Gobernaciўn",1102.81062,0.0259,"Plataforma M‚xico"
90,"11","Educaciўn PЈblica",1116.858659,0.0263,"Producciўn y transmisiўn de materiales educativos"
12,"6","Hacienda y Cr‚dito PЈblico",1126.71518,0.0265,"Regulaciўn y supervisiўn de las entidades del sistema financiero mexicano"
23,"40","Informaciўn Nacional EstadЎstica y Geogr fica",1147.852837,0.0270,"Censo Agropecuario"
1,"38","Consejo Nacional de Ciencia y TecnologЎa",1161.29994,0.0273,"Fortalecimiento de la Infraestructura CientЎfica y Tecnolўgica"
1,"23","Provisiones Salariales y Econўmicas",1169.76497,0.0275,"Seguridad y LogЎstica"
32,"20","Desarrollo Social",1202.538266,0.0283,"Programa de Abasto Social de Leche a cargo de Liconsa, S.A. de C.V."
115,"6","Hacienda y Cr‚dito PЈblico",1207.422174,0.0284,"Dise¤o y aplicaciўn de la polЎtica econўmica"
3,"47","Entidades no Sectorizadas",1233.039675,0.0290,"Programaяde Apoyo a la Educaciўn IndЎgena"
3,"24","Deuda PЈblica",1244.451763,0.0292,"Bilaterales"
170,"38","Consejo Nacional de Ciencia y TecnologЎa",1256.857514,0.0295,"Dise¤o y evaluaciўn de polЎticas en ciencia, tecnologЎa e innovaciўn"
2,"9","Comunicaciones y Transportes",1300,0.0306,"Servicios relacionados para la liberaciўn del derecho de vЎa"
216,"20","Desarrollo Social",1306.117248,0.0307,"Actividades de apoyo administrativo"
808,"22","Instituto Nacional Electoral",1308.859555,0.0308,"Capacitaciўn y educaciўn para el ejercicio democr tico de la ciudadanЎa"
245,"12","Salud",1316.3651,0.0309,"RectorЎa en Salud"
464,"50","Instituto Mexicano del Seguro Social",1337.974135,0.0315,"Prestaciones sociales"
19,"7","Defensa Nacional",1350.472156,0.0317,"Investigaciўn y desarrollo tecnolўgico, producciўn y mantenimiento de armamento, municiones, explosivos, vehЎculos y equipos militares y sus accesorios"
166,"12","Salud",1405.026988,0.0330,"Prevenciўn y atenciўn contra las adicciones"
35,"20","Desarrollo Social",1429.478799,0.0336,"Programa de Empleo Temporal (PET)"
999,"22","Instituto Nacional Electoral",1462.644248,0.0344,"Direcciўn, soporte jurЎdico electoral y apoyo logЎstico"
76,"8","Agricultura, GanaderЎa, Desarrollo Rural, Pesca y Alimentaciўn",1464.776214,0.0344,"Generaciўn de Proyectos de Investigaciўn"
5,"51","Instituto de Seguridad y Servicios Sociales de los Trabajadores del Estado",1467.914194,0.0345,"Proyectos de infraestructura social."
1,"23","Provisiones Salariales y Econўmicas",1481.010478,0.0348,"Fortalecimiento Financiero"
1,"23","Provisiones Salariales y Econўmicas",1500,0.0353,"Operaciўn y Mantenimiento del Programa de Seguridad y Monitoreo en el Estado de M‚xico"
266,"8","Agricultura, GanaderЎa, Desarrollo Rural, Pesca y Alimentaciўn",1502.376461,0.0353,"Actividades de apoyo administrativo"
2,"9","Comunicaciones y Transportes",1535.359859,0.0361,"Sistema de Transporte Colectivo"
4,"47","Entidades no Sectorizadas",1571.857852,0.0370,"Programa para el Mejoramiento de la Producciўn y la Productividad IndЎgena"
4,"21","Turismo",1571.714067,0.0370,"Programa de Desarrollo Regional TurЎstico Sustentable y Pueblos M gicos"
15,"4","Gobernaciўn",1584.041895,0.0372,"Servicios de protecciўn, custodia, vigilancia y seguridad de personas, bienes e instalaciones"
1,"23","Provisiones Salariales y Econўmicas",1600,0.0376,"Fondo para Fronteras"
266,"43","Instituto Federal de Telecomunicaciones",1619.695597,0.0381,"Regulaciўn y Supervisiўn de losяsectores Telecomunicaciones y Radiodifusiўn"
1151,"20","Desarrollo Social",1623.616736,0.0382,"Promociўn y evaluaciўn de la polЎtica de desarrollo social y comunitario, la participaciўn y la cohesiўn social"
43,"50","Instituto Mexicano del Seguro Social",1637.371932,0.0385,"Proyectos de infraestructura social de asistencia y seguridad social"
2,"11","Educaciўn PЈblica",1641.965792,0.0386,"Programa de Inclusiўn Digital"
32,"20","Desarrollo Social",1641.736615,0.0386,"Adquisiciўn de leche nacional"
1,"38","Consejo Nacional de Ciencia y TecnologЎa",1649.582564,0.0388,"Fomento Regional de las Capacidades CientЎficas, Tecnolўgicas y de Innovaciўn"
13,"9","Comunicaciones y Transportes",1650,0.0388,"Estudios y Proyectos para la construcciўn, ampliaciўn, modernizaciўn, conservaciўn y operaciўn de infraestructura de comunicaciones y transportes"
35,"11","Educaciўn PЈblica",1661.821015,0.0391,"Protecciўn y conservaciўn del Patrimonio Cultural"
57,"6","Hacienda y Cr‚dito PЈblico",1668.920001,0.0392,"Programa de aseguramiento agropecuario"
33,"7","Defensa Nacional",1697.706014,0.0399,"Sistema educativo militar"
1,"23","Provisiones Salariales y Econўmicas",1716.324215,0.0403,"Programas Regionales"
29,"14","Trabajo y Previsiўn Social",1726.6029,0.0406,"Programa de Apoyo al Empleo (PAE)"
148,"13","Marina",1729.819999,0.0407,"Administraciўn y fomento de los servicios de salud"
1,"19","Aportaciones a Seguridad Social",1773.586125,0.0417,"Cuota Social Seguro de Retiro ISSSTE"
208,"4","Gobernaciўn",1810.167813,0.0425,"Actividades de apoyo administrativo"
341,"9","Comunicaciones y Transportes",1815.669454,0.0427,"Programa M‚xico conectado"
34,"8","Agricultura, GanaderЎa, Desarrollo Rural, Pesca y Alimentaciўn",1866.523608,0.0439,"Regulaciўn, supervisiўn y aplicaciўn de las polЎticas pЈblicas en materia agropecuaria, acuЎcola y pesquera"
1767,"9","Comunicaciones y Transportes",1918.416493,0.0451,"Supervisiўn, inspecciўn y verificaciўn del transporte terrestre, marЎtimo y a‚reo"
96,"9","Comunicaciones y Transportes",1918.359995,0.0451,"Programa de Empleo Temporal (PET)"
14,"12","Salud",1919.935331,0.0451,"Programa de vacunaciўn"
68,"4","Gobernaciўn",1925.465233,0.0453,"PolЎtica y servicios migratorios"
1,"6","Hacienda y Cr‚dito PЈblico",1927.9,0.0453,"Administraciўn del Fondo de Pensiones"
11,"13","Marina",1957.471554,0.0460,"Proyectos de infraestructura social de asistencia y seguridad social"
995,"9","Comunicaciones y Transportes",1963.060853,0.0461,"Actividades de apoyo administrativo"
41,"11","Educaciўn PЈblica",1978.150977,0.0465,"Programa de Apoyos a la Cultura"
155,"17","ProcuradurЎa General de la RepЈblica",1980.527326,0.0466,"Investigar y perseguir los delitos relativos a la Delincuencia Organizada"
2,"8","Agricultura, GanaderЎa, Desarrollo Rural, Pesca y Alimentaciўn",1989.397243,0.0468,"Programa de Acciones Complementarias para Mejorar las Sanidades"
147,"17","ProcuradurЎa General de la RepЈblica",1993.207229,0.0469,"Promociўn del Desarrollo Humano y Planeaciўn Institucional"
1,"4","Gobernaciўn",2015.311756,0.0474,"Programa Nacional de Prevenciўn del Delito"
524,"16","Medio Ambiente y Recursos Naturales",2038.264404,0.0479,"Protecciўn Forestal"
58,"11","Educaciўn PЈblica",2054.788249,0.0483,"Programas de Cultura en las Entidades Federativas"
265,"12","Salud",2057.098315,0.0484,"Investigaciўn y desarrollo tecnolўgico en salud"
32,"20","Desarrollo Social",2056.879999,0.0484,"Programa de Abasto Rural a cargo de Diconsa, S.A. de C.V. (DICONSA)"
34,"11","Educaciўn PЈblica",2067.845923,0.0486,"Programa de Cultura FЎsica y Deporte"
31,"1","Poder Legislativo",2120.194279,0.0498,"Entregar a la C mara de Diputados del H. Congreso de la Uniўn, el informe sobre la revisiўn de la Cuenta de la Hacienda PЈblica Federal"
1,"23","Provisiones Salariales y Econўmicas",2135.247741,0.0502,"Programa de Separaciўn Laboralя"
20,"9","Comunicaciones y Transportes",2181.444284,0.0513,"Servicios de ayudas a la navegaciўn a‚rea"
556,"16","Medio Ambiente y Recursos Naturales",2200.314393,0.0517,"Actividades de apoyo administrativo"
16,"7","Defensa Nacional",2271.159097,0.0534,"Mantenimiento y conservaciўn de laяinfraestructura militar y maquinaria pesada y administraciўn inmobiliaria"
32,"28","Participaciones a Entidades Federativas y Municipios",2282.89602,0.0537,"Fondo de Compensaciўn del Impuesto sobre Automўviles Nuevos"
691,"32","Tribunal Federal de Justicia Fiscal y Administrativa",2319.62712,0.0545,"Imparticiўn de Justicia Fiscal y Administrativa"
30,"33","Aportaciones Federales para Entidades Federativas y Municipios",2319.694777,0.0545,"FAETA Educaciўn de Adultos"
6,"8","Agricultura, GanaderЎa, Desarrollo Rural, Pesca y Alimentaciўn",2335.50724,0.0549,"Programa de Fomento a la Productividad Pesquera y AcuЎcola"
107,"12","Salud",2345.066072,0.0551,"Salud materna, sexual y reproductiva"
24,"11","Educaciўn PЈblica",2349.915573,0.0552,"Producciўn y distribuciўn de libros y materiales educativos"
13,"9","Comunicaciones y Transportes",2378.893909,0.0559,"Proyectos de construcciўn de puertos"
827,"11","Educaciўn PЈblica",2381.084669,0.0560,"Dise¤o de la PolЎtica Educativa"
64,"16","Medio Ambiente y Recursos Naturales",2462.748956,0.0579,"Tratamiento de Aguas Residuales"
75,"5","Relaciones Exteriores",2486.727634,0.0585,"Promociўn y defensa de los intereses de M‚xico en el  mbito multilateral"
1,"9","Comunicaciones y Transportes",2500,0.0588,"Programa Estrat‚gico de Telecomunicaciones"
1,"19","Aportaciones a Seguridad Social",2506.874173,0.0589,"Seguro de Invalidez y Vida"
35,"15","Desarrollo Agrario, Territorial y Urbano",2562.385818,0.0602,"Programa de Apoyo a la Vivienda"
61,"16","Medio Ambiente y Recursos Naturales",2568.108134,0.0604,"Operaciўn y mantenimiento de infraestructura hЎdrica"
161,"6","Hacienda y Cr‚dito PЈblico",2581.29244,0.0607,"Actividades de apoyo administrativo"
8,"11","Educaciўn PЈblica",2645.823964,0.0622,"Programa para el Desarrollo Profesional Docente"
4,"8","Agricultura, GanaderЎa, Desarrollo Rural, Pesca y Alimentaciўn",2678.629406,0.0630,"Programa de Sanidad e Inocuidad Agroalimentaria"
3,"12","Salud",2685.844078,0.0631,"Seguro M‚dico Siglo XXI"
1,"19","Aportaciones a Seguridad Social",2687.644271,0.0632,"Pensiўn MЎnima Garantizada IMSS"
1,"24","Deuda PЈblica",2697.829033,0.0634,"Fondo de ahorro SAR"
2,"11","Educaciўn PЈblica",2713.057364,0.0638,"Apoyos para la atenciўn a problemas estructurales de las UPES"
17,"11","Educaciўn PЈblica",2718.07102,0.0639,"Formaciўn y certificaciўn para el trabajo"
1,"19","Aportaciones a Seguridad Social",2820,0.0663,"Adeudos con el IMSS e ISSSTE"
18,"7","Defensa Nacional",2832.709275,0.0666,"Programa de Seguridad PЈblica de la SecretarЎa de la Defensa Nacional"
1,"19","Aportaciones a Seguridad Social",2900.055588,0.0682,"Previsiones para el Pago de las Pensiones de los Jubilados de Ferrocarriles Nacionales de M‚xico"
5,"20","Desarrollo Social",2966.553018,0.0697,"Programa de Fomento a la EconomЎa Social"
16,"6","Hacienda y Cr‚dito PЈblico",2974.269066,0.0699,"Control de la operaciўn aduanera"
65,"16","Medio Ambiente y Recursos Naturales",2974.101143,0.0699,"Programa de Apoyo a la Infraestructura HidroagrЎcola"
233,"50","Instituto Mexicano del Seguro Social",2977.834949,0.0700,"Prevenciўn y control de enfermedades"
1286,"22","Instituto Nacional Electoral",3016.179933,0.0709,"Gestiўn Administrativa"
2,"24","Deuda PЈblica",3053.074497,0.0718,"Otros financiamientos"
1,"23","Provisiones Salariales y Econўmicas",3110.7,0.0731,"FEIEF"
21,"11","Educaciўn PЈblica",3144.67833,0.0739,"Educaciўn para Adultos (INEA)"
2,"20","Desarrollo Social",3150.2205,0.0740,"Comedores Comunitarios"
1,"23","Provisiones Salariales y Econўmicas",3159.3,0.0743,"CONACYT"
224,"50","Instituto Mexicano del Seguro Social",3206.853122,0.0754,"Programas de adquisiciones"
8,"8","Agricultura, GanaderЎa, Desarrollo Rural, Pesca y Alimentaciўn",3271.781888,0.0769,"Programa de Concurrencia con las Entidades Federativas я"
24,"4","Gobernaciўn",3273.204769,0.0769,"Servicios de inteligencia para la Seguridad Nacional"
107,"8","Agricultura, GanaderЎa, Desarrollo Rural, Pesca y Alimentaciўn",3281.664904,0.0772,"Desarrollo y aplicaciўn de programas educativos en materia agropecuaria"
21,"25","Previsiones y Aportaciones para los Sistemas de Educaciўn B sica, Normal, Tecnolўgica y de Adultos",3291.199696,0.0774,"Actividades de apoyo administrativo"
1136,"22","Instituto Nacional Electoral",3352.593851,0.0788,"Actualizaciўn del padrўn electoral y expediciўn deяla credencial para votar"
749,"12","Salud",3404.953515,0.0800,"Actividades de apoyo administrativo"
68,"16","Medio Ambiente y Recursos Naturales",3430.922832,0.0807,"Infraestructura para la modernizaciўn y rehabilitaciўn de riego y temporal tecnificado"
32,"12","Salud",3499.999998,0.0823,"Fortalecimiento de los Servicios Estatales de Salud"
1015,"8","Agricultura, GanaderЎa, Desarrollo Rural, Pesca y Alimentaciўn",3557.346883,0.0836,"Dise¤o y Aplicaciўn de la PolЎtica Agropecuaria"
540,"9","Comunicaciones y Transportes",3634.958897,0.0854,"Supervisiўn, regulaciўn, inspecciўn,яverificaciўn y servicios administrativosяde construcciўn y conservaciўn de carreteras"
267,"13","Marina",3655.460819,0.0859,"Adquisiciўn, construcciўn, reparaciўn y mantenimiento de unidades navales"
295,"12","Salud",3783.602381,0.0890,"Formaciўn y capacitaciўn de recursos humanos para la salud"
2,"33","Aportaciones Federales para Entidades Federativas y Municipios",3842.466522,0.0903,"FAM Infraestructura Educativa Media Superior y Superior"
35,"20","Desarrollo Social",3925.587176,0.0923,"Programa de estancias infantiles para apoyar a madres trabajadoras"
248,"5","Relaciones Exteriores",3999.028921,0.0940,"Dise¤o, conducciўn y ejecuciўn de la polЎtica exterior"
1,"23","Provisiones Salariales y Econўmicas",4000,0.0940,"Fondo de Capitalidad"
30,"33","Aportaciones Federales para Entidades Federativas y Municipios",4054.173342,0.0953,"FAETA Educaciўn Tecnolўgica"
1,"23","Provisiones Salariales y Econўmicas",4067.1,0.0956,"Fondo para entidades federativas y municipios productores de hidrocarburos"
32,"38","Consejo Nacional de Ciencia y TecnologЎa",4084.625583,0.0960,"Sistema Nacional de Investigadores"
5,"38","Consejo Nacional de Ciencia y TecnologЎa",4111.013819,0.0966,"Apoyos para actividades cientЎficas, tecnolўgicas y de innovaciўn"
22,"16","Medio Ambiente y Recursos Naturales",4516.101997,0.1062,"Infraestructura para la Protecciўn de Centros de Poblaciўn y µreas Productivas"
1,"19","Aportaciones a Seguridad Social",4549.861529,0.1070,"Cuota correspondiente de los Haberes, Haberes de Retiro y Pensiones"
554,"22","Instituto Nacional Electoral",4625.185045,0.1087,"Otorgamiento de prerrogativas a partidos polЎticos, fiscalizaciўn de sus recursos y administraciўn de los tiempos del estado en radio y televisiўn"
23,"11","Educaciўn PЈblica",4636.408517,0.1090,"Educaciўn Inicial y B sica Comunitaria"
7,"11","Educaciўn PЈblica",4726.908554,0.1111,"Fortalecimiento de la Calidad Educativa"
2,"38","Consejo Nacional de Ciencia y TecnologЎa",4802.4,0.1129,"Innovaciўn tecnolўgica para incrementar la productividad de las empresas"
1,"19","Aportaciones a Seguridad Social",4901.107035,0.1152,"Aportaciones Estatutarias al Seguro de Retiro, CesantЎa en Edad Avanzada y Vejez"
16,"8","Agricultura, GanaderЎa, Desarrollo Rural, Pesca y Alimentaciўn",4908.495357,0.1154,"Programa de Productividad y Competitividad Agroalimentaria"
11,"16","Medio Ambiente y Recursos Naturales",5178.03749,0.1217,"Apoyos para el Desarrollo Forestal Sustentable"
4,"8","Agricultura, GanaderЎa, Desarrollo Rural, Pesca y Alimentaciўn",5556.152527,0.1306,"Programa de Fomento Ganadero"
1,"34","Erogaciones para los Programas de Apoyo a Ahorradores y Deudores de la Banca",5653.8,0.1329,"ESTADOS Y MUNICIPIOS Reestructuraciўn en UDIs"
606,"40","Informaciўn Nacional EstadЎstica y Geogr fica",5678.426959,0.1335,"Producciўn y difusiўn de informaciўn estadЎstica y geogr fica"
2,"9","Comunicaciones y Transportes",5689.34978,0.1337,"Proyectos de construcciўn de aeropuertos"
568,"38","Consejo Nacional de Ciencia y TecnologЎa",5702.405643,0.1340,"Investigaciўn cientЎfica, desarrollo e innovaciўn"
720,"16","Medio Ambiente y Recursos Naturales",5736.909034,0.1349,"Gestiўn integral y sustentable del agua"
445,"50","Instituto Mexicano del Seguro Social",5816.479586,0.1367,"Recaudaciўn de ingresos obrero patronales"
1,"4","Gobernaciўn",5952.697849,0.1399,"Subsidios en materia de seguridad pЈblica"
21,"7","Defensa Nacional",6080.673962,0.1429,"Programa de sanidad militar"
13,"8","Agricultura, GanaderЎa, Desarrollo Rural, Pesca y Alimentaciўn",6160.820477,0.1448,"Programa de Apoyos a Peque¤os Productores"
37,"12","Salud",6209.909161,0.1460,"PROSPERA Programa de Inclusiўn Social"
8,"11","Educaciўn PЈblica",6373.398072,0.1498,"Expansiўn de la Educaciўn Media Superior y Superior"
18,"16","Medio Ambiente y Recursos Naturales",6547.966766,0.1539,"Infraestructura de agua potable, alcantarillado y saneamiento"
1,"33","Aportaciones Federales para Entidades Federativas y Municipios",6831.051596,0.1606,"FAM Infraestructura Educativa B sica"
229,"51","Instituto de Seguridad y Servicios Sociales de los Trabajadores del Estado",6969.305207,0.1638,"Gastos Administrativos por Operaciўn de Fondos y Seguros"
3,"33","Aportaciones Federales para Entidades Federativas y Municipios",7000,0.1646,"FASP"
10,"23","Provisiones Salariales y Econўmicas",7192.666338,0.1691,"Fondo Regional"
41,"7","Defensa Nacional",7255.532882,0.1706,"Actividades de apoyo administrativo"
3,"10","EconomЎa",7261.051156,0.1707,"Fondo Nacional Emprendedor"
702,"9","Comunicaciones y Transportes",7303.892907,0.1717,"Conservaciўn de infraestructura de caminos rurales y carreteras alimentadoras"
32,"33","Aportaciones Federales para Entidades Federativas y Municipios",7444.946435,0.1750,"FAIS Entidades"
3,"47","Entidades no Sectorizadas",7590.673968,0.1784,"Programa de InfraestructuraяIndЎgena"
4,"11","Educaciўn PЈblica",7607.774802,0.1788,"Programa de la Reforma Educativa"
2,"23","Provisiones Salariales y Econўmicas",8035.987256,0.1889,"Fondo de Desastres Naturales (FONDEN)"
458,"11","Educaciўn PЈblica",8593.733178,0.2020,"Actividades de apoyo administrativo"
1,"23","Provisiones Salariales y Econўmicas",8843.57602,0.2079,"Provisiones Salariales y Econўmicas"
7,"33","Aportaciones Federales para Entidades Federativas y Municipios",8945.914574,0.2103,"FONE Fondo de Compensaciўn"
131,"11","Educaciўn PЈblica",9015.937561,0.2119,"Desarrollo Cultural"
5561,"9","Comunicaciones y Transportes",9034.85,0.2124,"Proyectos de construcciўn de carreteras alimentadoras y caminos rurales"
32,"33","Aportaciones Federales para Entidades Federativas y Municipios",9092.256174,0.2137,"FAM Asistencia Social "
34,"38","Consejo Nacional de Ciencia y TecnologЎa",9114.861807,0.2143,"Becas de posgrado y apoyos a la calidad"
20,"6","Hacienda y Cr‚dito PЈblico",9223.942838,0.2168,"Recaudaciўn de las contribuciones federales"
8,"15","Desarrollo Agrario, Territorial y Urbano",9362.58267,0.2201,"Programa de Infraestructura"
2,"23","Provisiones Salariales y Econўmicas",9492.218325,0.2231,"Situaciones laborales supervenientes"
3,"15","Desarrollo Agrario, Territorial y Urbano",9624.522649,0.2263,"Programa de acceso al financiamiento para soluciones habitacionales"
792,"17","ProcuradurЎa General de la RepЈblica",9787.46651,0.2301,"Investigar y perseguir los delitos del orden federal"
3,"23","Provisiones Salariales y Econўmicas",9948.655991,0.2339,"Fondo para el Fortalecimiento de la Infreastructura Estatal y Municipal"
158,"16","Medio Ambiente y Recursos Naturales",9990.880759,0.2349,"Programa de Agua potable, Alcantarillado y Saneamiento"
1,"19","Aportaciones a Seguridad Social",10201.3,0.2398,"Programa IMSS-PROSPERA"
433,"50","Instituto Mexicano del Seguro Social",10251.062203,0.2410,"Servicios de guarderЎa"
29,"23","Provisiones Salariales y Econўmicas",10400.284715,0.2445,"Fondo Metropolitano"
16,"8","Agricultura, GanaderЎa, Desarrollo Rural, Pesca y Alimentaciўn",10603.347592,0.2492,"Programa de Productividad Rural"
1,"23","Provisiones Salariales y Econўmicas",10693,0.2514,"FEIP"
23,"33","Aportaciones Federales para Entidades Federativas y Municipios",10749.607402,0.2527,"FONE Otros de Gasto Corriente"
3,"11","Educaciўn PЈblica",11061.36539,0.2600,"Escuelas de Tiempo Completo"
1,"25","Previsiones y Aportaciones para los Sistemas de Educaciўn B sica, Normal, Tecnolўgica y de Adultos",11586.136692,0.2724,"Previsiones salariales y econўmicas del Fondo de Aportaciones para la Nўmina Educativa y Gasto Operativo (FONE)"
61,"1","Poder Legislativo",11881.649772,0.2793,"Actividades derivadas del trabajo legislativo"
4,"8","Agricultura, GanaderЎa, Desarrollo Rural, Pesca y Alimentaciўn",12071.81054,0.2838,"Programa de Comercializaciўn y Desarrollo de Mercados"
32,"7","Defensa Nacional",12093.52778,0.2843,"Operaciўn y desarrollo de la Fuerza A‚rea Mexicana"
2,"19","Aportaciones a Seguridad Social",12319.34886,0.2896,"Apoyo para cubrir el gasto de operaciўn del ISSSTE"
31,"33","Aportaciones Federales para Entidades Federativas y Municipios",12433.398539,0.2923,"FONE Gasto de Operaciўn"
27,"11","Educaciўn PЈblica",12651.849521,0.2974,"Programa Nacional de Becas"
256,"51","Instituto de Seguridad y Servicios Sociales de los Trabajadores del Estado",14254.093616,0.3351,"Suministro de Claves de Medicamentos"
32,"50","Instituto Mexicano del Seguro Social",14500.364836,0.3409,"Pago de subsidios a los asegurados"
233,"11","Educaciўn PЈblica",14558.379563,0.3422,"Investigaciўn CientЎfica y Desarrollo Tecnolўgico"
1,"34","Erogaciones para los Programas de Apoyo a Ahorradores y Deudores de la Banca",14912.7,0.3506,"I P A B"
569,"9","Comunicaciones y Transportes",15056.531363,0.3540,"Reconstrucciўn y Conservaciўn deяCarreteras"
63,"50","Instituto Mexicano del Seguro Social",15449.746236,0.3632,"Rentas vitalicias Ley 1997"
27,"9","Comunicaciones y Transportes",15747.378786,0.3702,"Proyectos de Infraestructura Ferroviaria"
1,"19","Aportaciones a Seguridad Social",15749.5,0.3702,"Cuota Social Seguro de Salud ISSSTE"
1,"30","Adeudos de Ejercicios Fiscales Anteriores",16048.6,0.3773,"Adeudos de Ejercicios Fiscales Anteriores (ADEFAS)"
3,"24","Deuda PЈblica",17674.698121,0.4155,"Organismos financieros internacionales"
425,"13","Marina",17784.429692,0.4181,"Emplear el Poder Naval de la Federaciўn para salvaguardar la soberanЎa y seguridad nacionales"
21,"4","Gobernaciўn",17972.744078,0.4225,"Administraciўn del Sistema Federal Penitenciario"
1,"19","Aportaciones a Seguridad Social",18573.2,0.4366,"Pensiones Civiles Militares y de Gracia"
1,"19","Aportaciones a Seguridad Social",19373.797808,0.4554,"Previsiones para las pensiones en curso de pago de los extrabajadores de Luz y Fuerza del Centro"
3,"23","Provisiones Salariales y Econўmicas",19771.446636,0.4648,"Proyectos de Desarrollo Regional"
351,"12","Salud",19983.656106,0.4698,"Atenciўn a la Salud"
12,"8","Agricultura, GanaderЎa, Desarrollo Rural, Pesca y Alimentaciўn",22259.559445,0.5233,"Programa de Fomento a la Agricultura"
1517,"9","Comunicaciones y Transportes",23685.121235,0.5568,"Proyectos de construcciўn de carreteras"
32,"28","Participaciones a Entidades Federativas y Municipios",24282.277728,0.5708,"Fondo de Fomento Municipal"
25,"4","Gobernaciўn",25065.882426,0.5892,"Operativos para la prevenciўn y disuasiўn del delito"
1125,"51","Instituto de Seguridad y Servicios Sociales de los Trabajadores del Estado",25279.503811,0.5943,"Atenciўn a laяSalud"
1,"19","Aportaciones a Seguridad Social",29036.008552,0.6826,"Cuota Social al Seguro de Retiro, CesantЎa en Edad Avanzada y Vejez"
2,"11","Educaciўn PЈblica",29152.424805,0.6853,"PROSPERA Programa de Inclusiўn Social"
1,"23","Provisiones Salariales y Econўmicas",30000,0.7052,"Subsidios a las Tarifas El‚ctricas"
32,"33","Aportaciones Federales para Entidades Federativas y Municipios",33995.1892,0.7991,"FAFEF"
22,"25","Previsiones y Aportaciones para los Sistemas de Educaciўn B sica, Normal, Tecnolўgica y de Adultos",34284.285256,0.8059,"Servicios de educaciўn b sica en el D.F."
234,"11","Educaciўn PЈblica",35394.501141,0.8320,"Servicios de Educaciўn Media Superior"
259,"7","Defensa Nacional",35738.066293,0.8401,"Defensa de la Integridad, la Independencia, la SoberanЎa del Territorio Nacional"
35,"20","Desarrollo Social",39486.540525,0.9282,"Pensiўn para Adultos Mayores"
302,"11","Educaciўn PЈblica",45798.679071,1.0766,"Servicios de Educaciўn Superior y Posgrado"
3,"20","Desarrollo Social",46327.572255,1.0890,"PROSPERA Programa de Inclusiўn Social"
3,"24","Deuda PЈblica",48185.449866,1.1327,"Bonos"
1304,"50","Instituto Mexicano del Seguro Social",49109.914347,1.1544,"Actividades de apoyo administrativo"
32,"33","Aportaciones Federales para Entidades Federativas y Municipios",53974.647538,1.2688,"FAIS Municipal y de las Demarcaciones Territoriales del Distrito Federal"
64,"33","Aportaciones Federales para Entidades Federativas y Municipios",62218.480919,1.4626,"FORTAMUN"
1156,"3","Poder Judicial",63616.316565,1.4954,"Otras Actividades"
32,"50","Instituto Mexicano del Seguro Social",68054.498821,1.5998,"R‚gimen de Pensiones y Jubilaciones IMSS"
4,"12","Salud",75437.199414,1.7733,"Seguro Popular"
1,"19","Aportaciones a Seguridad Social",75655.678768,1.7785,"Seguro de Enfermedad y Maternidad"
181,"11","Educaciўn PЈblica",77597.27,1.8241,"Subsidios para organismos descentralizados estatales"
160,"33","Aportaciones Federales para Entidades Federativas y Municipios",82445.977652,1.9381,"FASSA"
1,"19","Aportaciones a Seguridad Social",159044.586296,3.7387,"Apoyo para cubrir el d‚ficit de la nўmina de pensiones del ISSSTE"
33,"28","Participaciones a Entidades Federativas y Municipios",162332.558758,3.8160,"Otros conceptos participables e incentivos econўmicos"
632,"50","Instituto Mexicano del Seguro Social",189289.168009,4.4497,"Atenciўn a la Salud"
32,"50","Instituto Mexicano del Seguro Social",189393.0507,4.4521,"Pensiones en curso de pago Ley 1973"
1,"19","Aportaciones a Seguridad Social",189393.0507,4.4521,"Pensiones y Jubilaciones en curso de Pago"
3,"24","Deuda PЈblica",284358.816736,6.6845,"Valores gubernamentales"
31,"33","Aportaciones Federales para Entidades Federativas y Municipios",310938.920856,7.3094,"FONE Servicios Personales"
32,"28","Participaciones a Entidades Federativas y Municipios",489849.571873,11.5151,"Fondo General de Participaciones"
